Country Name,2006,2007,2008,2009,2010,2011,2012,2013,2014,2015,2016,2017,2018,2019,2020
Albania,117,120,136,86,82,82,82,85,90,68,97,58,65,63,82
Argentina,77,101,109,113,118,115,113,124,126,124,121,116,117,119,126
Armenia,46,34,39,44,43,48,55,32,37,45,35,38,47,41,47
Australia,6,8,9,9,9,10,15,10,11,10,13,15,14,18,14
Austria,32,30,25,27,28,32,32,29,30,21,21,19,22,26,27
Azerbaijan,98,99,96,33,38,54,66,67,70,80,63,65,57,25,34
Bahamas,,,,55,68,77,85,77,84,97,106,121,119,118,119
Belarus,106,129,110,85,58,68,69,58,63,57,44,37,38,37,49
Bolivia,111,131,140,150,161,149,153,155,162,157,157,149,152,156,150
Botswana,40,48,51,38,45,52,54,59,56,74,72,71,81,86,87
Bulgaria,62,54,46,45,44,51,59,66,58,38,38,39,50,59,61
Cambodia,133,143,145,135,145,147,138,133,137,135,127,131,135,138,144
Canada,4,4,7,8,8,7,13,17,19,16,14,22,18,22,23
Costa Rica,89,105,115,117,121,125,121,110,102,83,58,62,61,67,74
Croatia,118,124,97,106,103,84,80,84,89,65,40,43,51,58,51
Czech Republic,41,52,56,75,74,63,64,65,75,44,36,27,30,35,41
Denmark,8,7,5,5,6,6,5,5,5,4,3,3,3,3,4
Djibouti,,161,146,153,163,158,170,171,160,155,171,171,154,99,112
Dominican Republic,103,117,99,97,86,91,108,116,117,84,93,103,99,102,115
Ecuador,107,123,128,136,138,130,130,139,135,115,117,114,118,123,129
Egypt,141,165,126,114,106,94,110,109,128,112,131,122,128,120,114
El Salvador,76,71,69,72,84,86,112,113,118,109,86,95,73,85,91
Estonia,16,17,17,22,24,17,24,21,22,17,16,12,12,16,18
Finland,13,14,13,14,16,13,11,11,12,9,10,13,13,17,20
France,44,35,31,31,31,26,29,34,38,31,27,29,31,32,32
Gambia,,113,131,130,140,146,149,147,150,138,151,145,146,149,155
Georgia,100,37,18,15,11,12,16,9,8,15,24,16,9,6,7
Germany,19,21,20,25,25,22,19,20,21,14,15,17,20,24,22
Ghana,82,94,87,87,92,67,63,64,67,70,114,108,120,114,118
Greece,80,109,100,96,109,109,100,78,72,61,60,61,67,72,79
Guatemala,109,118,114,112,110,101,97,93,79,73,81,88,97,98,96
Guinea,144,157,166,171,173,179,179,178,175,169,165,163,153,152,156
Guyana,105,136,104,105,101,100,114,114,115,123,137,124,126,134,134
Haiti,134,139,148,154,151,162,174,174,177,180,182,181,181,182,179
Honduras,112,111,121,133,141,131,128,125,127,104,110,105,115,121,133
Hungary,52,66,45,41,47,46,51,54,54,54,42,41,48,53,52
Iceland,12,12,10,11,14,15,9,14,13,12,19,20,23,21,26
Indonesia,115,135,123,129,122,121,129,128,120,114,109,91,72,73,73
Ireland,11,10,8,7,7,9,10,15,15,13,17,18,17,23,24
Italy,70,82,53,65,78,80,87,73,65,56,45,50,46,51,58
Jamaica,43,50,63,63,75,81,88,90,94,58,64,67,70,75,71
Japan,10,11,12,12,15,18,20,24,27,29,34,34,34,39,29
Jordan,74,78,80,101,100,111,96,106,119,117,113,118,103,104,75
Kenya,68,83,72,82,95,98,109,121,129,136,108,92,80,61,56
Kyrgyzstan,84,90,94,68,41,44,70,70,68,102,67,75,77,70,80
Latvia,26,24,22,29,27,24,21,25,24,23,22,14,19,19,19
Lebanon,95,86,85,99,108,113,104,115,111,104,123,126,133,142,143
Lesotho,97,114,124,123,130,138,143,136,136,128,114,100,104,106,122
Lithuania,15,16,26,28,26,23,27,27,17,24,20,21,16,14,11
Malawi,96,110,127,134,132,133,145,157,171,164,141,133,110,111,109
Malaysia,21,25,24,20,23,21,18,12,6,18,18,23,24,15,12
Mauritania,127,148,157,160,166,165,159,167,173,176,168,160,150,148,152
Mauritius,23,32,27,24,17,20,23,19,20,28,32,49,25,20,13
Mexico,73,43,44,56,51,35,53,48,53,39,38,47,49,54,60
Morocco,102,115,129,128,128,114,94,97,87,71,75,68,69,60,53
Netherlands,24,22,21,26,30,30,31,31,28,27,28,28,32,36,42
New Zealand,1,2,2,2,2,3,3,3,3,2,2,1,1,1,1
Nicaragua,59,67,93,107,117,117,118,119,124,119,125,127,131,132,142
Norway,5,9,11,10,10,8,6,6,9,6,9,6,8,7,9
Pakistan,60,74,76,77,85,83,105,107,110,128,138,144,147,136,108
Panama,57,81,65,81,77,72,61,61,55,52,69,70,79,79,86
Paraguay,88,112,103,115,124,106,102,103,109,92,100,106,108,113,125
Peru,71,65,58,62,56,36,41,43,42,35,50,54,58,68,76
Philippines,113,126,133,140,144,148,136,138,108,95,103,99,113,124,95
Poland,54,75,74,76,72,70,62,55,45,32,25,24,27,33,40
Portugal,42,40,37,48,48,31,30,30,31,25,23,25,29,34,39
Romania,78,49,48,47,55,56,72,72,73,48,37,36,45,52,55
Sierra Leone,136,168,160,156,148,143,141,140,142,140,147,148,160,163,163
Singapore,2,1,1,1,1,1,1,1,1,1,1,2,2,2,2
Slovenia,63,61,55,54,53,42,37,35,33,51,29,30,37,40,37
South Africa,28,29,35,32,34,34,35,39,41,43,73,74,82,82,84
South Korea,23,30,23,19,16,8,8,7,5,4,5,4,5,5,5
Spain,30,39,38,49,62,49,44,44,52,33,33,32,28,30,30
Sweden,14,13,14,17,18,14,14,13,14,11,8,9,10,12,10
Tajikistan,,133,153,159,152,139,147,141,143,166,132,128,123,126,106
Thailand,20,18,15,13,12,19,17,18,18,26,49,46,26,27,21
Trinidad and Tobago,,59,67,80,81,97,68,69,66,79,88,96,102,105,105
Tunisia,58,80,88,73,69,55,46,50,51,60,74,77,88,80,78
Turkey,93,91,57,59,73,65,71,71,69,55,55,69,60,43,33
Uganda,72,107,118,111,112,122,123,120,132,150,122,115,122,127,116
Ukraine,124,128,139,145,142,145,152,137,112,96,83,80,76,71,64
United Kingdom,9,6,6,6,5,4,7,7,10,8,6,7,7,9,8
United States,3,3,3,3,4,5,4,4,4,7,7,8,6,8,6
Uruguay,85,64,98,109,114,124,90,89,88,82,92,90,94,95,101
Venezuela,120,164,172,174,177,172,177,180,181,182,186,187,188,188,188
Vietnam,99,104,91,92,93,78,98,99,99,78,90,82,68,69,70
Yemen,90,98,113,98,99,105,99,118,133,137,170,179,186,187,187
Zambia,67,102,116,100,90,76,84,94,83,111,97,98,85,87,85
Switzerland,17,15,16,21,21,27,26,28,29,20,26,31,33,38,36
